EGFR	FGFR1	TGFBR1	CD274	PIK3CD	KRAS	SMAD4	PIK3CB	RAF1	CDKN1A	MAP2K1	NFKB1	AKT1	PTEN	MAPK1	E2F1	JUN	CCND1	RB1	BCL2L1	MAPK8	MTOR	BAX	BECN1	MDM2	TP53	CCNE1	CUX1
595.98	463.05	1609.06	51.43	25.23	1516.73	12.53	2031.75	3704.17	13218.17	1694.46	2029.54	8469.17	2773.53	3159.44	494.61	24461.9	21977.88	841.59	11911.61	1066.86	2512.78	5575.18	2398.09	3275.48	2184.04	244.65	8139.81
6154.31	450.03	4317.16	81.72	24	5127.41	1523.77	3516.4	5587.46	4619.08	2510.14	3899.72	7434.98	2958.81	6458.74	314.05	6073.52	11545.14	3811.64	11015.2	891.07	835.43	4505.05	3783.66	2706.39	1438.05	161.69	10817.26
437.43	453.96	2173.4	82.33	29.13	2130.91	1708.72	2141.45	3661.15	10400.27	1934.3	1619.22	7430.09	3056.07	3731.3	657.58	12634.99	8391.99	1169.86	16924.97	826.94	994.88	9217.59	2268.86	6053.15	4329.55	311.53	9844.83
1078.83	378.57	1814.24	221.68	48.4	3035.43	3.46	1351.98	4229.91	10951.88	1729.59	1722.06	6338.32	2970.57	3060.61	452.28	12155.87	6215.86	1290.54	12186	1100.39	674.24	7914.13	1090.23	5414.39	2502.83	187.07	6454.26
1288.11	460.65	1062.67	157.69	29.27	4585.9	8.45	3625.68	5534.29	19919.07	3813.77	3277.48	7069.02	3105.88	3705.14	1047.41	6831.34	10254.83	681.84	23633.54	1669.13	1751.13	5625.82	3150.89	8232.49	747.62	914.07	6608.13
882.58	405.33	1697.2	46.37	21.69	1861.31	22.79	2024.39	4259.93	6068.09	2157.45	1686.22	9480.63	2976.47	2614.28	849.26	7719.68	13191.92	1330.46	13574.87	766.11	1036.02	5887.59	2071.32	1765.6	3229.49	177.06	7539.8
1129.24	447.21	2760.55	70.77	26.97	2743.51	302.93	1630.4	4012.75	11737.01	1643.47	3136.25	7830.75	2952.54	2062.79	465.5	29116.35	6348.21	1069.76	12131.48	806.46	1845.77	4767.39	2596.26	2612.05	5250.91	204.57	6276.73
1866.73	372.18	1754.39	33.48	15.23	4397.74	354.92	1536.63	2202.27	8093.77	2472.93	4063.39	7296.79	3192.59	2731.02	533.81	6290.93	9721.71	1498.24	6229.26	1087.02	1437.13	7410.44	2476.83	2582.65	5481.46	215.95	7982.01
5805.16	409.5	2753.32	821.88	18.41	7486.46	955.72	4161.87	4475.72	7582.56	4069.98	4071.48	7984.08	3035.11	3528.37	1142.23	5378.5	10408.02	1031.96	19362.21	2165.91	3279.81	3174.09	3626.24	3117.75	105.05	425.37	5497.48
872.32	421.78	2977.77	725.01	22.56	3147.15	2497.7	2813.54	4560.78	5494.11	3869.41	2044.21	6027.92	3112.14	6217.91	770.29	2362.84	16222.2	1908.89	28642.11	1888.99	2892.1	3868.17	2772.79	7779	277.56	424.96	6532.31
3183.87	415.92	1616.19	175.46	19.95	1824.07	2086.35	2628.38	4286.06	9521.13	1980.16	2376.47	3424.08	3067.55	3200.67	617.84	34456.37	16522.44	2059.41	29434.55	618.77	810.37	8032.57	2937.91	1881.44	3435.69	263	11332.33
908.61	470.86	4518.64	16.72	20.35	3391.02	2360.19	2773.62	5088.86	5713.66	1765.33	1092	7802.1	3095.17	5379.99	1143.39	4070.24	18900.62	677.91	19312.64	959.83	1751.18	4501.61	3850.56	3791.71	620.66	680.39	11033.11
8959.75	533.02	1749.05	583.61	299.79	6681.48	2732.49	2603.62	4483.35	19638.83	2082.78	2431.14	9500.45	3847.61	6461.08	1023.89	4369.61	37263.27	2513.16	10008.49	2352.64	2143.54	4449.95	3553.32	5044.8	5512	228.97	7811.35
3517.43	3349.43	2354.85	398.39	857.84	2837.36	2432.74	2387.54	5593.7	11984.62	1770.76	2946.24	7500.76	4523.52	2834.92	1262.09	7057.77	15402.98	2193.38	25698.35	851.78	1446.76	11759.3	2408.67	9080.93	3328.84	391.52	6227.47
598.81	414.58	1424.9	46.85	25.37	2896.27	886.46	1663.29	4338.63	10454.73	1789.47	1823.61	8337.76	2882.63	2930.41	908.92	5257.2	8907.87	848.59	10608.62	1358.38	1915.46	4847.27	2506.75	1249.47	2781.92	405.34	11016.76
905.52	429.68	2081.62	25.62	18.65	2386.7	376.15	2549.9	4696.56	7363.71	1509.38	2249.96	2513.92	2837.27	2281.67	429.32	10629.26	7443.63	2298.26	18000.09	473.22	640.37	4777.73	2288.71	5749.68	5429.47	352.8	10210.32
7735.74	246.99	1822.29	138.81	13.98	4321.8	2256.69	1819.9	3213.16	11499.51	3512.02	3712.92	10426.5	3227.47	1997.67	611.71	16165.02	12771.87	2243.65	16065.01	674.17	1486	6727.93	3653.91	2359.03	29.58	161.53	8498.96
2546.58	562.96	4972.46	70.93	18.3	4433.99	375.81	2481.46	6300.58	18197.4	4957.24	3625.55	3468.58	3307.12	5498.87	770.14	10216.77	7375.73	3379.31	12317.51	1278.82	1114.92	6254	3145.37	3467.05	5030.25	289.01	12480.99
701.73	435.77	905.92	62.05	24.97	903.1	2969.87	2098.48	6264.98	3851.98	1707.31	2249.64	5303.57	2975.19	2824.7	182.77	8198.26	5855.19	700.82	5551.41	888.77	1570.77	2273.54	1714.82	1806.27	2449.96	179.13	5130.25
528.91	435.23	1206.34	354.36	10271.71	1532.98	1383.5	1071.3	4590.86	12445.49	2742.88	8440.63	6411.69	3008.08	3496.45	517.08	8189.56	2822.59	2139.91	3468.01	954.12	2061.61	4869.16	2902.6	1135.36	5332.72	221.41	4486.09
308.59	459.33	1693.78	340.04	24.76	2030.93	1881.01	1230	3370.29	11298.3	1930.96	2499.86	6642.16	3142.04	2269.84	550.89	14116.65	2060.53	848.92	4933.94	836.56	560.82	2756.96	2006.54	2035.39	1872.29	250.07	3408.17
6427.11	518.15	1816.63	218.14	53.89	4183.42	2041.99	2677.63	6233.57	5679.42	2912.96	3519.57	6633.69	3153.45	2863.35	468.14	19429.92	11877.93	2008.87	7989.35	1988.44	2536.99	2733.23	1775.61	2133.06	1351.13	110.19	6670.18
3948.32	461.81	7992.42	139.23	24.42	5275.05	1874.29	3497.67	2248.89	8248.99	2184	1828.56	7042.4	3172.18	7002.8	1084.03	4240.43	43618.57	4022.73	11134.76	1268.66	1913.39	2184.45	2548.55	1406.52	336.27	142.34	8442.09
961.4	419.06	2191.98	51.18	23.84	4798.01	10.87	3462.88	3806.69	5654.95	1839.47	4281.58	7023.24	3077.23	7125.95	405.14	17160.63	12275.7	3074.68	13619.57	821.12	3668.79	2902.39	3229.02	1441.11	2245.56	401.62	6834.71
8595.85	511.97	2562.4	287.69	335.71	4768.64	1200.11	1951.01	1677.24	3362.47	2843.42	2183.03	5494.62	2576.74	4715.28	768.32	9873.1	6973.73	296.33	8038.6	1079.39	2470.57	1591.21	2064.22	1006.04	1535.81	287.63	5249.25
3138.42	1648.93	1082.93	34.52	834.27	1394	1734.48	3482.09	3658.41	2723.07	2329.75	3632.94	6318.44	3470.44	6834.19	1518	30974.94	10880.71	2875.28	13610.83	1625.18	3785.25	3733.57	3220.62	1076.69	321	723.64	7769.77
5049.99	600.37	2849.79	52.78	228.2	3936.63	310.22	2505.97	4125.77	7656.31	1467.58	2950.47	7798.84	3497.48	4647.45	507.81	4612.25	8811.04	681.59	7093.04	1411.18	3160.68	2618.18	2738.37	25528.56	1857.79	187.45	4925.64
2323.92	417.32	4410.48	23.29	104.31	3276.95	826.17	2367.78	1828.81	13621.09	2792.46	2446.39	7363.14	3182.89	5430.7	973.37	19102.57	22293.1	2500.83	10508.74	432.56	2718.69	3270.72	1369.66	753.7	1936.43	475.92	3815.32
828.43	405.27	1868.08	1131.52	24.11	4627.24	32.48	2926.9	4002.74	7471.21	2277.99	3299.16	4992.68	2973.12	3654.33	352.07	7053.77	25450.15	3982.45	15190.22	1987.73	1900.41	1947.66	3029.14	1517.05	2339.65	100.91	5603.96
677.42	414.63	1419.82	83.65	25.08	2445.68	953.04	1784.17	2970.21	5128.81	2736.38	1960.16	8755.74	2986.6	2447.53	586.75	4473.49	3622.16	1353.44	14847.7	677.12	1207.93	2718.19	2159.11	1418.26	2548.14	319.36	4268.75
1002.45	11391.39	3042.66	244.57	552.9	3995.42	712.13	2105.15	2969.76	16827.34	2624.31	2679.69	13497.95	3163.02	4595.56	1027.47	20515.88	24997.56	1017.9	10138.63	1425.39	1939.46	4067.91	2161.26	1455.24	2519.68	542.68	6861.07
1069.42	474.62	711.67	21.46	11.41	2640.59	463.02	2523.82	1840.21	8227.73	2665	2749.54	5921.87	3094.26	3657.56	485.9	5875.11	8355.43	2008.71	13246.9	774.77	1066.41	4175.94	2144.77	3428.53	2324.97	167.69	8880.25
8332.92	449.69	1802.63	25.9	525.52	1994.78	2923.48	2144.2	2575.73	4545.03	3250.09	3336.17	4347.53	3186.6	2281.77	874.23	5440.45	5074.86	3235.88	14569.5	637.22	1370.39	3637.59	1631.01	2821.32	966.97	267.26	7845.84
662.05	501.8	2303.18	53.86	650.14	881.25	1655.64	2251.17	4404.87	11190.84	2060.26	1435.72	10186.65	3027.09	3488.1	659.37	19608.69	7200.99	571.89	6978.35	849.45	2372.51	3497.54	1236.67	2150.42	1901.69	416.85	7149.33
2868.08	471.12	8916.64	250.07	1582.38	2744.2	1213.5	2008.82	4053.32	28854.34	2846.18	3941.93	9862.18	3055.99	2655.99	306.21	20067.05	32235.36	1583.91	17349.54	766.25	1353.53	3065.32	2490.65	1135.25	2874.96	277.88	5394.66
2022.43	458.03	2636.73	62.41	21.37	2865.37	22.26	1227.94	1792.59	8627.94	2125.83	1338.06	5256.87	2979.72	2314.17	438.55	13550.93	6249.87	3997.11	7019.16	1095.59	1832.19	3484.56	2361.31	725.36	969.22	557.62	4943.3
1842.05	933.28	1402.86	69.54	233.46	4312.44	699.2	2471.55	4317.03	11724.63	3126.6	2111.99	6634.32	3208.71	2305.66	324.2	7141.07	5364.34	1599.12	12870.3	1375.34	1064.3	3820.3	2390.92	2646.59	2082.63	340.06	6948.53
437.31	8464.18	4952.98	132.6	756	1906.05	1603.43	1517.53	3159.33	18701.76	2864.02	1619.79	7226.88	2851.59	4934.89	1428.64	33962.25	8140.06	309.39	9878.18	1598.96	2114.29	4619.94	1893.61	945.86	963.89	1600.27	9859.46
7430.25	430.49	3944.89	329.16	16.47	3816.92	41.01	3503.76	4543.02	4336.31	2792.2	1923.05	5667.95	3135.88	6391.82	2008.31	4527.5	48848.44	1566.02	29919.21	1798.27	1196.11	2300.84	3162.53	1533.31	2485.7	801.31	12233.13
4790.11	524.29	2034.96	305.7	402.59	1932.83	576.08	2102.32	4540.13	10700.41	2586.6	2751.57	8301.42	2681.8	1895.4	739.74	10906.73	10656.66	818.36	16708.57	1513.49	1280.22	4109.62	2839.39	1493.15	2129.57	369.73	3326.92
785.79	457.75	1018.77	130.07	26.37	1320.79	801.59	2606.87	4643.26	7268.48	3185.45	2061.03	6296.56	2883.6	4527.17	401.28	8636.99	14330.69	922.45	11693.77	562.22	2307.78	1909.84	2635.12	773.87	852.35	212.4	6485.74
2988.53	397.14	2203.5	58.5	27.4	3576.26	11.57	2373.57	3666.18	12990.61	2032.91	2387.8	7342.05	2946.9	2629.8	695.8	10493.84	26117.75	1542.96	16244.91	1086.05	1555.96	2509.68	1529.85	2210.12	651.48	169.23	3621.8
1780.43	2660.44	3240.08	79	19.59	7580.65	1476.86	2745.58	2674.82	19427.49	3339.96	4310.85	5563.23	3900.42	5816.33	299.55	11895.91	5327.97	1513.49	6976.07	1090.26	530.39	1793.44	2571.89	2332.03	460.78	98.18	12254.1
716.46	404.9	1460.29	43.52	22.92	3311.67	30.26	2066.85	2385.95	5928.88	2568.31	2505.8	5806.57	2972.43	5189.69	523.52	4554.2	9930.28	6001.02	10869.4	944.05	1700.57	3183.7	1987.35	878.59	3529.54	340.33	6455.58
6981.26	10419.39	10445.29	719.73	36.02	2884.25	1875.77	2363.25	4139.04	12272.78	3443.97	3873.57	6095.09	3499.57	11298.75	872.96	9047.87	16449.99	5791.65	7917.87	1458.81	3090.84	2351.9	2604.84	2139.27	1872.74	586.64	7035.16
609.31	413.62	1395.81	35.85	20.63	1136.4	32.66	1139.07	3364.42	7396.54	2098.84	2438.77	6315.17	3000.79	2650.72	231.14	6010.28	4068.99	551.47	6113.66	800.55	993.2	2932.83	1655.41	1037.26	481.14	107.53	6528.01
12219.33	3246.94	4716.64	1089.6	44.88	4938.31	2419.32	2819.09	3443.26	13644.99	4522.84	4273.94	4080.1	4858.3	6235.41	897.87	10599.29	21396.45	2892.79	30023.11	1461.48	1911.75	2060.96	3019.62	6433.97	3613.31	159.05	4492.24
2038.77	520.2	8275.31	74.86	18.37	5957.9	1268.04	2907.62	4446.13	22536.06	3885.71	1476.53	9219.53	2922.32	5093.72	1212.73	29917.73	15797.78	3661.81	11625.58	1125.15	942.04	3301.79	6874.77	2011.8	2338.17	798.49	9135.3
4074.45	445.1	2955.26	37.22	26.67	2507.19	948.04	1478.63	2811.47	6867.42	1886.37	2449.45	6052.04	2855.33	4554.58	448.82	6822.3	9611.36	1798.18	7630.22	878.34	1088.65	2711.26	2157.85	597.38	1223.01	273.33	6885.98
6821.48	455.73	2141.16	357.05	20.58	1516.77	894.58	1336.77	3261.84	10903.41	2178.79	1003.09	6692.18	3190.5	3044.14	499.35	15981.2	11408.31	2361	12784.06	1022.37	1851.45	3183.42	1562.75	1513.17	1467.49	1914.77	9693.26
3671.59	328.44	1072.74	101.51	20.09	1885.22	1252.68	2883.04	3860.11	5414.92	2967.62	1678.44	9546.53	3076.93	2380.06	745.52	5452.4	10913.4	2143.05	11630.03	1053.09	2142.86	4479.85	2587.2	874.62	2324.99	241.87	11142.89
5318.05	522.36	9630.66	64.26	37.22	3982.49	9.61	1201.15	2309.59	3786.29	2545.02	3927.46	10535.56	2565.3	6169.4	438.48	10715.61	8337.51	4392.5	9579.68	1373.45	3227.89	3677.48	2600.86	1186.18	2931.53	233.38	9322.46
3316.42	452.33	4074.97	62.4	27.01	8464.17	3949.13	4733.33	2424.56	3888.25	4661.49	2515.01	9160.54	3112.25	12034.14	995.87	4026.9	16475.97	3792.56	7551.88	2587.15	3250.08	1754.51	4846.74	1293.34	394.99	305.71	10680.63
3121.93	3066.96	1453.56	240.45	1309.32	1231.46	512.97	967.35	5592.9	13822.84	2315.73	2294.56	5553.48	3518.39	3583.79	1532.5	7292.97	11117.06	941.45	15114.18	1286.77	1226.49	4810.17	2644.85	2288.73	3654.7	818.44	4531.26
692.34	440.03	2567.57	71.68	25.84	1417.91	1645.06	1283.96	3734.32	7111.58	2127.8	1799.71	8762.19	3075.47	2663.67	606.1	7665.69	6958.86	777.23	7226.89	849.93	1801.82	3589.87	1590.69	1712.25	3195.41	276.33	8736.56
1507.07	361	396.88	14.85	99.4	1811.33	2403.4	1599.11	5317.99	5300.71	1562.92	3229.55	7655.13	2985.91	4575.27	612.61	24248.73	12452.47	950.46	15736.65	838.96	1666.77	4805.6	2593.76	1315.64	624.79	259.19	7841.88
1507.03	402.2	1341	438.16	28.07	4067.64	270.9	2570.47	3371.87	5238.04	2751.48	1745.24	8509.18	3076.29	2785.81	815.78	9249.99	10044.86	618.43	14783.12	1258.72	1949.43	4514.93	1903.42	2315.06	2725.36	359.88	5735.68
5490.83	5620.04	1177.8	1078.41	977.61	3605.3	843.95	1887.46	4684.97	15978.59	4457.98	1719.77	9338.56	3778.66	4080.98	1045.3	6489.4	16006.31	4264.5	28915.96	905.82	2993.11	5244.71	1825.45	1353.25	2737.28	495.06	7377.19
10781.06	569.36	2885.29	463.46	1380.96	1725.23	1658.93	3477.94	3469.34	12167.26	3918.03	2533.42	7039.65	3048.21	3866.8	734.02	5308.13	18762.76	1616.8	24374.75	1342.79	3297.91	2461.28	2501.51	1551.94	643.27	363.5	17515.09
5228.47	456.13	10577.79	29.17	22.68	2563.43	734.76	2918.88	4876.47	27643.46	1957.69	3800.77	6051.67	2770.42	3163.27	502.93	7066.6	38318.11	2482.5	12365	1152.27	1550.81	4833.21	3732.65	840.51	749.45	396.78	10452.77
35115.65	2284.22	1025.78	128.05	1415.95	3149.55	738.64	1388.65	3342.28	3803.67	3078.81	8968.54	6144.32	4226.47	3082.28	1139.59	3929.51	80942.49	2072.89	10952.62	1722.28	1635.47	1884.41	3309.89	2055.82	1017.23	189.85	9242.93
7343.86	436.54	2475.98	557.08	26.34	6570.61	1262.61	6218.18	4351.22	16625.32	3120	5214.02	11067.89	3027.26	4397.88	748.83	8013.67	40929.31	2316.88	9592.69	2088.96	4304.19	2705.95	2873.08	1064.84	3472.21	367.51	7986.2
300.46	491.32	902.49	488.76	9814.61	2783.65	1852.92	1757.93	5144.92	7468.44	2969.35	5735.87	4215.86	3138.25	4474.19	849.8	7285.52	1530.3	3403.64	4410.41	1509.18	2883.38	3791.41	3198.39	2442.14	3381.04	423.19	2668.35
2408.85	431.34	2061.36	344.22	24.29	1441.8	254.83	2828.63	4117.9	20633.49	4153.94	3094.74	8221.08	3043.01	4012.62	1008.54	17059.41	5675.87	320.86	13774.57	1170.55	1769.22	1841.06	2375.28	851.96	2306.24	2222.09	5538.05
707.96	436.53	2045.11	104.52	1052.32	3132.97	742.94	2327.59	4374.14	24175.36	2508.3	2150.02	7160.67	3053.2	6077.98	1216.95	16844.54	14842.56	1143.68	14143.6	680.56	1546.68	2219.48	2026.8	1257.85	2886.46	1019.94	7751.76
528.8	433.83	2722.72	355.86	25.87	2298.44	29.17	1358.57	3665.09	18920.78	3527.2	8722.23	7293.07	2977.56	3124.48	652.18	8375.3	3858.09	1880.94	10427.07	1172.72	1311.92	3864.04	2805.64	1224.27	1860.57	296.2	5583.93
1697.27	595.05	7473.02	123.82	44.37	3448.11	536.27	3186.03	5133.11	8987.48	6969.23	3319.84	6289.25	2576.31	4722.64	1412.96	23918.81	11406.74	1139.71	10470.52	1912.93	2239.21	2303.33	2396.38	5231.14	882.04	315.6	6502.03
6688.88	460.52	928.06	710.34	31.66	3355.15	1092.87	5357.81	4071.28	7016.49	3659.85	3388.75	7164.61	3087.51	5127.44	1525.9	7027.08	18907.19	2334.43	9903.17	1387.99	2846.17	6288.49	2573.36	4013.18	3303.55	785.14	6610.25
1647.79	456.01	620.09	56.33	25.81	3699.87	896.81	2666.8	4828.98	5672.4	3187.52	4099.89	8836.94	3088.04	6735.12	642.11	4866.07	9146.55	1168.83	19790.56	1099.43	2589.64	2104.92	2380.62	1471.02	1321.36	334.07	7774.42
9969.19	423.99	1958.82	378.26	25.55	4271.15	1663.16	2374.61	2404.65	12348.02	3762.92	8732.18	3683.4	3041.09	5490.46	231.79	6320.21	6065.11	7970.21	5259.77	1120.1	3214.31	3044.79	3731.22	2121.35	952.56	224.94	8443.19
942.87	487.02	1006.45	178.8	1126.23	1288.75	730.95	1225.07	3901.95	8482.7	2471.25	2702.26	6853.84	2914.88	2555.2	315.4	7865.18	5879.22	1048.76	11413.62	848.61	1583.21	6722.86	2033.11	1269.25	1517.66	322.21	4975.36
668.5	421.73	2351.97	531.04	24.33	3018.42	967.68	2671.18	4717.47	7659.17	2151.94	1986.89	9478.59	3093.04	2749.12	1304.74	7972.03	6902.12	1940.82	8858.96	1234.55	2295.51	5427.95	1649.41	1996.8	2743.92	345.87	5231.47
1499.5	460.62	11219.51	27.82	27.81	1834.2	993.56	1247.13	4659.88	4146.72	1639.02	2191.9	9221.39	2879.26	4271.24	476.91	6619.15	4126.34	1298.46	6821.27	668.75	3249.76	1789.5	3381.63	769.27	354.5	107.08	11645.74
582.66	435.98	2591.63	56.83	19.88	3989.3	27.83	2510.04	2450.27	10509.85	3278.05	5953.56	6545.67	3102.98	6030.3	603.58	8283.01	9942.65	2166.39	5288.73	1536.38	3667.57	2754.13	2526.89	2830.08	1664.83	381.73	10431.36
2275.23	461.4	2434.59	19.28	22.77	2261.34	256.79	1473.92	1706.79	8040.62	2530.94	1684.24	8337.51	3202.7	2646.53	408.04	9326.76	27547.06	462.03	13680.2	910.97	1273.53	2045.61	2609.89	698.68	2468.8	2648.82	4492.85
3018.39	387.53	2214.64	174.93	31.45	3208.64	183.78	3209.91	6077.17	14839.38	3543.78	4750.16	10228.31	3038.9	2825.17	621.17	18708.57	8569.62	2223.64	16490.61	1573.1	1910.29	2605.62	4297.99	748.91	122.22	826.82	5071.06
2663.85	561.4	1435.69	18.92	523.33	1414.8	5.81	3100.68	5891.47	11185.41	3617.3	3111.94	12308.15	2913.21	4738.91	1788.99	21191.81	21662.46	3775.08	14159.72	766.57	3034.8	2760.6	2752.51	935.3	607.54	271.52	13203.98
641.15	430.92	1876.84	53.72	25.13	3317.85	238.54	1472.9	3007.14	16945.11	2255.84	2769.43	10349.94	2949.88	3020.57	312.05	6774.52	4813.09	1536.09	6973.79	1205.35	1466.55	3994.22	3682.39	580.98	764.37	147.29	4939.53
1710.63	809.25	2723.12	208.67	467.22	2956.96	7.35	2263.06	5670.43	10101.8	5056.31	3887.55	11284.49	2663.95	5492.66	1426.37	14489.52	48616.15	2382.37	16833.13	1107.36	1704.27	3105.32	3220.89	2749.93	2795.69	847.24	8554.42
588.76	430.51	2254.6	190.91	1406.76	3592.13	726.48	1392.11	2837.26	3973.55	2509.12	3349.16	2182.96	3034.42	5512.66	372.07	6457.7	2955.2	3203.94	4135.74	931.24	2192.67	1782.09	2265.65	879.99	804.43	224.86	4675.28
898	1362.75	3711.03	105.36	161.08	2443.53	1656.5	1111.83	3336.36	5591.94	2646.53	1415.92	3105.58	5296.08	1582.31	369.58	5780.42	3710.05	1280.74	9159.65	1273.18	842.86	3489.37	1150.68	1950.01	568.25	237.33	3236.46
1322.2	4170.9	3308.72	32.62	821.97	2079.85	2118.13	1383.75	2043.31	15042.65	1675.04	2115.4	4005.29	3464.29	2830.92	692.8	10537.66	7614.59	2288.87	12900.56	781.43	1699.9	5971.68	1503.44	1894.64	2052.54	156.7	5955.43
2954.62	403.32	1354.24	51.05	18.92	4889.8	17.38	2173.14	3178.29	6287.4	3450.76	5670.64	7025.15	3010.11	6317.7	1058.74	5192.7	12512.19	4631.2	6596.99	657.47	2005.85	2651.95	4212.42	445.17	2926.91	436.08	7543.37
944.91	443.3	1345.02	64.04	28.04	2113.1	507.29	2075.82	3262.53	11896.43	2104.65	2203.56	7630.04	3028.54	2526.76	593.1	14750	5326.32	1651.42	10192.91	971.49	1702.24	2767.87	2311.33	1103.01	2800.85	181.62	3872.26
249.8	441.59	1965.33	37.94	2181.31	1707.61	1814.62	866.14	4228.43	12166.94	2056.07	1565.63	8701.31	3063.02	2733.65	614.41	8830.46	4493.47	672.17	7079.36	1341.75	1187.9	6726.78	1766.8	2683.98	2659.09	226.34	6243.68
648.51	446.81	2313.59	391.69	22.79	3223.13	855.99	1556.33	2880.97	13528.38	2621.84	4173.53	8410.95	3042.52	2599.77	247.14	25148.48	12488.34	2409.16	8466.73	747.6	1688.67	4656.87	2679.58	609.85	511.87	197.9	10443.99
4066.3	460.95	1449.46	97.06	22.16	5307.77	11.05	2780.49	4639.62	11389.66	2598.75	4189.14	7654.11	2518.47	6353.24	527.1	5390.76	39489.98	1988.87	13489.1	748.65	2821.88	3687.69	2851.79	2063.08	394.55	438.39	6826.29
4798.71	285.37	5875.12	20.46	19.98	4094.04	1140.79	3881.78	4746.63	3343.72	1954.81	4469.71	8007.34	2737.52	5269.33	716.24	22788	7836.6	2984.69	8913.03	1623.01	1727.74	1583.46	3304.96	2870.96	33.44	335.07	5139.96
1215.82	438.71	16683.99	19.62	29.02	5083.13	30.49	1520.4	4062.94	6940.15	2855.86	1824.34	10480.72	3014.21	3662.23	261.11	5560.7	15130.75	1026.04	2474.66	1280.28	2587.72	2406.47	1749.03	4578.7	2612.46	236.41	4333.64
3089.57	571.73	3031.85	81.13	309.07	4495.12	233.16	2451.34	4082.27	10902.49	1896.14	2843.79	4199.92	2203.66	4634.99	463.46	3939.34	33664.36	3911.99	15975.2	689.23	2798.3	6337.33	3154.92	1655.37	2461	74.96	10719.91
2971.22	531	4231.27	527.97	855.09	3472.13	1487.99	2759.23	4467.77	7943.3	3900.58	3745.34	8312.24	3384.8	7233.76	1431.27	8990.53	19531.61	1088.29	16143.16	1002.78	2899.79	2694.55	2713.3	3583.39	3113.52	1745.74	9577.43
806.72	448.38	3274.04	61.69	25.1	2668.96	1173.3	1877.2	6197.39	9803.67	2852.56	2979.66	8471.71	2716.14	2620.99	601.21	6477.53	13965.28	173.71	9962.76	1144.97	1608.9	4670.98	2705.69	2284.65	2205.43	189.35	10066.97
7634.04	481.92	15689.33	116.04	1039.65	2736.64	2372.94	3109.3	5999.78	5429.71	2945.58	2265.37	9524.34	2857.77	7464.09	713.64	5428.62	36123.92	1707.42	13908.66	2228.09	2288.6	3413.74	3041.3	1316.53	3917.82	575.12	11339.18
4263.23	592.55	4279.92	202.84	254.28	2586.51	1260.59	2287.67	4280.21	10988.07	3780.18	2880.89	9150.88	1903.9	4528.12	1040.82	12932.14	33573.41	2433.41	19646.56	543.84	1728.52	3652.85	2849.61	1177.67	3871.05	505.53	10418.65
2807.54	410.66	1909.49	60.84	24.29	2455.04	1994.67	3279.32	3090.69	3641.18	2759.86	3493.37	3323.71	3125.14	5097.81	177.42	2251.72	4720.38	3876.48	4972.98	904.58	1029.64	2132.66	2151.11	1667.51	1041.99	121.06	6192.84
2019.01	400.97	619.85	37.17	597.54	2042.34	3.84	2297.33	5130.83	3824.96	2427.83	3067.45	8932.55	3261.51	2470.97	871.63	8320.55	12327.12	1032.29	15137.68	929.25	2591.84	4120.94	1890.93	376.01	1958.57	306.74	7212.81
9459.87	541.14	2557.19	541.85	994.25	4272.13	1658.44	3061.48	4822.65	7734.37	3740.06	3887.61	6253.46	3044.32	6012.91	680.87	7260.24	22113.12	2785.3	13991.04	1271.47	2830.02	3058.48	2822.9	5265.34	1958.6	341.38	10126.54
618.03	444.27	3730.68	503.53	947.72	3285.43	1218.38	2878.43	3936.09	33806.22	2932.82	2723.7	7879.12	3003.37	4704.95	660.96	47512.4	16952.32	3041.76	13368.25	1001.07	1909.04	1918.19	1554.3	1282.53	2802.34	243.05	8975.75
7767.81	461.29	6535.4	652.49	25.97	6301.04	32.27	3475.74	3407.36	12085.2	4878.11	3495.08	8276.79	3221.09	4981.96	580.36	13100.57	22174.46	1749.89	16168.08	2113.16	1908.28	3417.79	2322.57	895.79	607.29	299.34	14918.77
1944.46	430.47	2476.13	27.89	29.02	2660.81	1450.8	3082.57	2348.35	19758.49	2977.58	3109.1	6789.83	2796.86	5602.87	687.76	22472.15	9478.13	960.64	19057.68	1176.89	1696.05	4480.88	1787.05	2455.19	2561.42	171.34	8074.52
694.7	1163.29	1839.49	412.74	1332.25	2077.32	196.15	1339.96	3447.49	13771.05	1792.5	2376.84	7023.8	2907.69	1168.6	1152.29	10618.56	8687.12	960.12	12762.98	818.97	1331.5	8942.25	1733.44	1903.62	2873.04	367.18	5188.97
39702.8	406.36	1620.99	50.33	23.14	8171.45	1601.97	3991.08	5018.69	8301.06	2819.41	4208.43	10126.3	2936.1	8266.44	744.06	6612.9	37074.47	2709.18	42724.25	4608.64	1519.89	2636.33	2301.64	3035.47	285.6	290.95	11311.39
2711.81	429.75	13034.88	185.85	30.48	4674.45	892.35	3283.38	4061.38	9484.73	3769.42	3807.82	4869.79	3042.83	4808.51	1087.18	15713.6	22205.03	2147.18	12224.41	1956.23	2085.34	2635.02	3596.88	1082.17	1894.69	691.22	8254.28
960.98	390.95	1566.82	131.36	20.7	2689.09	1707.28	1890.25	3629.2	18277.15	2508.53	2270.82	5420.05	3002.66	3699.27	574.43	37357.98	6712.59	1806.18	11044.48	1399.18	1171.08	5426.94	2760.72	2843.36	3453.37	268.42	3511.26
4301.93	481.96	3791.4	155.08	455.55	3780.54	6.2	2885.52	3263.82	10425.93	2294.68	3172.63	10763.01	2968.87	3874.93	497.24	5943.93	9049.24	1840.69	19228.66	1232.43	1396.41	2541.68	2264.06	2801.18	2215.24	287.09	8902.29
8951.92	424.75	3395.92	631.82	24.34	6316.35	49.59	2245.78	3497.82	15073.8	3013.43	4228.09	9813.68	3165.7	3520.62	507.9	7472.61	13077.08	1328.95	20618.39	1680.69	2036.62	4414.25	2935.25	2728.48	1692.18	536.23	7090.93
510.11	420.77	1259.7	86	25.92	2121.01	1268.28	1126.82	2736.78	8514.21	2068.98	2294.63	8532.95	2942.35	2551.35	634.47	9269.36	3011.79	2742.72	11035.58	911.04	1324.5	4316.39	3405.99	999.5	538.42	378.62	3508.79
1139.97	437.12	1055.8	344.87	25.58	1498.1	429.83	2333.4	4251.83	7387.27	2747.09	3150.88	7600.53	3032.05	3033.44	448.2	6626.37	8727.78	2639.74	9495.82	615.99	1710.6	2602.52	1750.41	1550.41	2481.84	261.68	5403.51
8204.87	462.9	1767.87	113.38	842.2	2420.32	507.43	2996.96	5188.12	9504.87	2012.38	2378.97	7357.94	3236.45	3816.53	568.56	5854.92	21787.37	2160.76	20370.96	1155.9	2281.84	4767.59	3549.07	2337.35	5434.08	287.44	8799.53
4134.66	521.87	1589.21	46.63	29.77	2821.74	17.01	4270.26	3956.17	9221.69	2328.96	1896.83	10179.99	3174.21	2695.03	503.61	8172.29	13029.4	2785.96	10178.59	973.76	3307.95	3460.76	1692.55	2291.26	345.43	456.17	11701.08
1842.74	395.66	1346.19	235.53	26.31	3895.29	34.56	1882.03	4167.42	6262.73	2056.31	3548.72	7205.71	2972.61	2614.64	1082.69	7938.89	50081.28	5658.25	10226.62	961.25	3373.77	4664.98	3395.27	2586.97	791.35	783.67	8118.39
4577.07	1020.97	3150.64	272.68	577.58	3238.22	365.05	2190.32	5120.66	7736.5	3013.8	2509.22	9480.27	3297.21	7170.13	1893.88	7688.23	16363.04	3335.56	28784.99	1346.27	2730.52	3557.78	2363.04	2223.52	2034.42	223.88	9642.78
3497.93	488.49	1798.29	515.61	33.52	3036.05	38.73	5460.63	4634.75	10952.11	3124.91	2905.67	8077.43	3254.43	5061.01	741.9	14308.3	12953.24	1696.44	18382.59	1297.41	2394.82	4025.69	2638.65	2223.36	1896.76	321.81	9287.53
3037.2	719	4354.68	100.53	570.68	3504.04	546.03	1766.44	3793.12	6115.66	1866.6	2201.32	7120.94	2847.3	3691.92	710.16	5434.76	14668.22	3431.83	12694.35	1443.94	2312.75	4002.03	2179.49	2131.7	684.39	228.27	3984.86
1262.48	4257.67	1740.21	164.47	583.15	2191.15	399.93	1710.52	3796.58	23119	1820.65	1166.63	7115.77	3547.22	3005.8	1570.98	8943.44	10825.77	377.94	14340.57	966.86	1529.1	4886.42	1533.9	1897.01	990.42	468.7	6238.54
3559.29	492.68	5068.06	104.71	1314.42	2376.3	1958.34	2338.86	3741.27	6912.78	2647.19	3269.51	4427.52	3135.02	3889.54	438.57	4173.81	26170.18	1749.74	9999.57	1003.94	1072.33	3038.54	2987.33	1198.94	2135.92	159.68	8201.4
10617.02	399.59	1592.96	40.39	22.17	4868.78	44.66	2566.81	2670.81	9519.86	2313.16	2351.28	7463.48	2986.36	2884.25	1106.57	6692.91	60368.52	2112.71	29910.14	1314.49	1375.22	2800.57	2739.59	815.41	1735.47	545.91	7027.6
8144.23	413.96	2162.42	139.82	732.44	2812.55	1147.74	2935.16	3789.97	4949.07	2010.88	1990.43	5474.66	3284.14	6247.12	1729.98	8627.72	30151.73	5333.03	9898.74	499.36	4675.73	2709.68	2814.74	509.39	3591.8	540.55	6446.32
3041.76	532.15	6097.02	139.76	15.76	4113.38	8.23	4530.57	5033.78	3790.05	2009.51	2485.56	8958.2	3281.89	4938.9	767.59	7823.26	18301.36	3970.68	12678.58	1632.03	2514.98	2734.28	1459.62	2548.1	2833.54	309.41	6367.13
